Jenis Kelamin,Umur (bulan),Tinggi Badan (cm),Berat Badan (kg),Stunting
0,22,80.3,11.6,2
1,7,61.0,4.7,2
1,5,58.2,3.8,2
1,11,67.2,5.7,2
0,20,75.2,9.3,1
1,21,78.2,11.4,2
1,21,75.1,14.6,2
0,12,69.0,13.2,2
0,6,74.1,7.3,3
1,23,83.7,16.9,0
0,13,84.6,11.3,3
0,21,89.8,7.6,0
1,10,65.9,11.9,2
0,12,83.3,11.4,3
0,5,72.5,8.3,3
1,21,93.8,13.7,3
1,10,63.3,7.9,1
0,22,95.2,12.0,3
0,7,76.0,8.7,3
1,19,72.6,7.3,1
1,1,48.6,2.4,2
0,14,84.0,6.8,0
1,4,54.8,5.4,1
0,20,77.8,11.1,2
1,13,81.4,6.1,0
1,8,75.8,5.8,0
0,14,82.9,9.7,0
1,11,81.1,6.8,3
0,21,94.8,10.4,3
0,6,74.1,6.7,3
1,11,64.5,9.9,1
0,21,81.5,13.8,0
1,3,55.0,5.5,2
1,22,74.7,12.8,1
0,12,68.1,13.5,1
0,20,91.7,10.5,0
1,23,77.7,15.0,2
0,11,68.2,8.7,2
1,14,84.6,6.1,3
1,19,81.9,7.0,0
1,8,61.3,10.7,1
1,13,76.8,6.7,0
0,13,69.1,6.9,1
0,22,95.8,15.1,3
0,4,57.2,5.6,1
0,12,67.9,10.7,1
0,12,83.6,11.3,3
1,11,66.5,6.1,2
0,9,64.7,10.1,1
1,9,77.6,9.9,3
0,7,64.1,11.9,2
0,6,74.8,8.3,3
1,21,74.0,16.1,1
1,20,75.5,9.3,2
0,11,76.5,8.4,0
0,10,69.8,10.4,0
0,22,78.4,13.8,2
1,11,70.0,11.2,0
1,7,68.3,6.8,0
0,19,91.6,8.6,3
0,11,67.0,8.5,1
1,14,73.0,5.9,0
1,13,67.9,6.7,2
0,4,65.9,6.2,0
1,24,79.0,16.4,2
1,19,74.6,8.5,2
0,10,68.1,10.5,2
1,18,89.6,14.9,3
0,10,77.1,13.3,0
1,5,58.4,5.3,2
0,13,75.4,8.0,0
0,12,68.4,10.3,1
0,7,64.1,11.0,2
1,15,70.5,12.6,2
0,16,72.3,11.3,1
1,15,69.2,13.9,1
0,6,63.1,8.2,2
1,13,77.7,9.7,0
1,12,67.7,6.7,2
1,0,43.1,5.7,1
1,22,78.3,10.2,2
1,14,73.2,11.5,0
1,10,63.6,8.7,1
1,19,78.2,6.6,0
0,9,64.6,7.9,1
1,15,69.5,14.7,2
0,21,94.0,15.1,3
0,17,73.5,13.2,2
1,4,69.0,5.6,3
1,15,68.9,13.0,1
0,21,76.3,12.9,1
1,10,63.5,12.0,1
1,21,75.0,13.1,2
0,3,58.2,5.6,0
0,19,92.5,14.8,3
1,5,57.0,8.8,1
1,24,96.1,14.5,3
1,14,76.3,6.7,0
0,10,69.6,10.5,0
1,16,87.5,12.9,3
1,22,77.4,9.8,2
1,24,76.2,10.5,1
1,19,91.5,13.2,3
1,19,72.0,11.2,1
0,14,73.0,12.9,2
1,11,66.2,13.0,2
1,17,72.0,7.5,2
1,3,66.3,7.9,3
1,7,67.1,11.5,0
1,14,84.6,8.2,3
0,8,64.0,7.9,2
0,3,68.0,4.8,3
1,0,55.4,3.4,3
1,15,86.1,7.3,3
0,1,58.9,4.1,0
0,0,43.3,2.5,1
1,16,73.8,12.3,0
1,24,95.9,11.8,3
1,7,60.5,8.6,2
0,10,66.2,6.9,1
1,8,76.5,12.1,3
0,20,75.6,10.4,1
0,22,79.4,12.1,2
1,19,72.0,13.4,1
0,9,69.5,9.3,0
0,10,66.4,12.6,2
0,2,54.3,6.9,2
0,4,57.3,4.3,1
0,4,70.8,10.0,3
0,18,91.3,14.1,3
0,16,72.8,12.6,2
1,17,89.1,11.7,3
1,17,71.0,7.8,1
0,14,86.4,12.2,3
0,11,68.7,9.1,2
0,12,81.0,10.5,0
0,11,70.5,6.5,0
0,6,73.2,6.2,0
1,1,56.8,4.0,0
0,13,78.1,9.1,0
0,6,72.0,5.0,0
0,22,90.9,8.6,0
1,22,80.1,8.0,2
0,24,77.6,14.1,1
0,19,91.7,11.8,3
1,18,90.4,7.6,3
1,15,86.4,8.7,3
0,1,57.0,4.1,0
1,3,66.4,5.4,3
1,14,68.0,5.6,1
0,7,62.7,12.0,2
0,23,87.2,10.3,0
0,1,60.7,7.4,3
1,24,75.7,10.1,1
0,20,92.9,10.7,3
1,8,61.0,11.5,1
0,15,71.1,11.7,1
0,24,80.2,11.0,2
0,6,71.1,9.1,0
0,12,83.6,13.4,3
1,15,71.7,7.6,2
1,5,71.7,9.3,3
0,13,70.8,8.9,2
0,5,60.6,11.2,2
1,5,71.1,10.2,3
1,2,52.4,8.2,2
0,14,70.5,10.0,1
1,6,60.1,10.4,2
1,2,50.1,7.3,1
1,21,74.0,10.6,1
1,17,70.3,10.6,1
0,2,52.2,6.6,1
1,18,80.2,12.8,0
1,8,76.2,12.3,3
1,18,71.4,12.5,1
0,1,48.3,6.5,1
0,0,43.9,5.7,1
0,24,77.9,14.6,1
0,18,90.5,7.2,3
0,18,75.5,11.4,2
0,3,54.6,8.4,1
1,5,58.2,10.4,2
0,4,56.9,9.8,1
0,15,72.1,7.7,2
1,15,86.0,8.6,3
0,12,81.2,6.1,0
0,22,77.1,7.6,1
0,4,57.4,8.5,1
0,15,87.2,6.8,3
0,14,72.9,10.8,2
0,8,77.7,10.5,3
0,12,83.3,9.0,3
1,8,62.3,11.7,2
1,8,67.0,7.4,0
1,13,75.2,7.7,0
1,11,64.9,7.9,1
0,0,43.4,1.5,1
1,10,70.9,12.4,0
0,9,67.3,6.9,2
1,2,58.1,7.9,0
0,9,71.9,6.4,0
0,23,79.6,12.5,2
1,5,59.5,5.8,2
1,0,45.3,2.9,2
0,9,79.7,9.4,3
1,9,64.3,10.1,2
0,17,88.9,8.4,0
1,10,79.6,9.1,3
1,19,72.1,8.6,1
0,24,96.9,16.5,3
1,18,81.8,13.8,0
0,24,82.9,8.5,0
1,1,60.4,1.8,3
1,20,91.8,16.0,3
0,22,79.8,7.6,2
1,8,60.7,5.3,1
0,10,68.3,12.9,2
1,6,71.8,10.6,0
0,3,68.3,4.8,3
0,18,74.3,9.7,2
1,16,69.5,7.2,1
0,15,74.0,8.3,2
1,20,92.4,9.0,3
1,13,80.7,10.4,0
1,24,96.7,14.0,3
0,14,76.7,9.9,0
0,23,78.8,16.1,2
0,7,62.1,6.6,1
1,16,87.6,14.4,3
1,9,64.9,11.7,2
0,20,75.4,10.7,1
0,17,89.3,13.5,3
1,6,58.8,5.7,1
0,4,58.6,6.3,2
1,10,69.8,12.5,0
1,23,92.5,8.1,0
1,11,76.4,13.2,0
1,2,63.5,6.5,3
0,10,71.5,7.0,0
0,8,63.5,11.2,1
1,13,72.7,12.9,0
1,8,69.2,6.6,0
0,13,69.8,12.2,2
0,20,93.2,10.6,3
1,2,50.7,6.3,1
1,17,75.4,11.2,0
0,17,72.5,8.3,1
1,9,66.9,9.9,0
1,23,86.5,7.4,0
1,6,58.3,10.8,1
1,3,60.8,9.4,0
0,7,75.8,7.6,3
1,1,59.9,5.7,3
0,15,87.5,7.4,3
0,17,72.8,15.0,1
1,22,74.3,13.8,1
1,15,70.8,6.3,2
0,4,70.8,9.3,3
1,11,80.5,6.1,3
0,3,57.7,7.6,0
1,6,59.9,9.4,2
1,23,75.8,15.5,1
0,4,64.7,4.4,0
1,14,68.2,14.3,1
0,14,69.8,13.3,1
0,16,88.8,6.6,3
0,23,96.4,11.5,3
0,1,48.2,1.9,1
0,19,75.4,11.6,2
1,12,65.8,11.9,1
1,0,42.7,4.8,1
1,0,54.7,1.3,0
0,14,86.2,12.2,3
0,0,43.7,2.7,1
0,16,73.3,6.8,2
1,1,55.6,6.4,0
0,7,66.5,5.4,0
0,7,64.0,11.9,2
0,23,89.6,9.2,0
0,4,70.4,5.8,3
0,23,81.2,9.8,2
0,23,96.5,9.4,3
0,10,68.7,10.9,0
1,18,71.6,12.0,1
0,16,86.6,10.1,0
0,3,57.1,5.9,2
0,5,59.2,11.3,1
1,2,50.2,6.0,1
1,24,93.1,15.2,0
1,10,79.9,11.8,3
0,22,95.9,9.7,3
1,11,80.4,7.7,3
0,20,76.8,14.7,2
1,0,43.2,3.8,1
0,24,77.6,10.8,1
1,3,53.4,5.3,1
0,5,72.6,7.2,3
1,4,55.3,7.1,1
0,4,69.3,6.5,0
1,3,64.8,8.8,0
0,17,75.9,13.5,2
1,21,74.2,13.6,1
0,4,56.9,7.4,1
1,10,63.9,8.7,1
0,10,80.9,6.0,3
1,0,55.5,2.6,3
0,13,68.6,6.7,1
0,0,45.6,3.6,2
0,18,90.5,10.8,3
1,6,60.4,10.4,2
1,5,58.1,6.6,2
1,20,75.4,13.7,2
0,23,79.1,8.0,2
1,24,80.0,10.2,2
0,11,67.5,6.1,1
0,13,68.6,13.7,1
0,4,69.1,10.4,0
0,23,77.3,8.4,1
0,1,50.1,4.0,2
1,6,68.5,7.9,0
0,10,73.9,7.4,0
1,21,88.2,6.7,0
1,16,70.1,15.0,1
1,16,71.6,7.6,2
0,24,97.5,13.7,3
1,11,65.4,11.0,2
1,19,72.7,9.8,1
0,17,72.9,12.6,1
1,24,81.1,13.9,2
1,12,72.0,5.9,0
1,23,77.6,13.3,2
0,16,71.5,13.6,1
0,4,59.0,6.0,2
1,16,70.6,12.3,2
0,9,75.8,11.9,0
1,6,58.3,9.5,1
1,5,58.1,8.6,2
0,13,71.1,8.2,2
1,22,94.3,10.8,3
1,24,77.8,9.3,2
0,9,64.5,10.0,1
1,20,73.0,11.9,1
1,21,91.7,7.3,0
0,15,78.5,13.8,0
0,6,60.5,9.1,1
0,7,61.8,6.1,1
1,3,54.1,8.7,2
1,18,90.0,6.9,3
1,4,65.2,6.9,0
0,14,85.6,13.3,3
0,17,76.6,8.1,0
1,15,69.0,7.7,1
0,15,87.5,11.3,3
0,15,86.5,14.2,0
0,10,66.3,11.7,1
0,22,81.2,14.5,0
1,21,74.3,14.1,1
0,0,44.1,4.7,1
1,18,71.3,7.2,1
0,17,76.4,11.6,0
1,6,58.7,10.4,1
0,16,73.5,8.8,2
1,13,70.9,9.9,0
1,16,70.1,11.5,1
0,16,87.1,11.0,0
1,5,64.5,9.2,0
0,5,72.5,4.6,3
0,10,74.8,7.9,0
1,8,61.4,7.3,1
0,23,96.7,8.9,3
0,2,55.9,7.6,0
1,23,79.3,10.2,2
0,5,64.5,5.7,0
0,17,77.0,15.1,0
1,9,68.4,7.7,0
1,20,74.4,10.9,2
1,9,62.7,5.3,1
1,21,81.0,8.8,0
0,19,92.3,11.8,3
1,9,77.6,11.9,3
1,2,54.8,4.3,0
0,5,62.3,9.4,0
0,13,84.8,8.8,3
1,0,52.3,1.8,0
1,0,50.2,5.6,0
0,6,74.9,6.0,3
1,24,76.4,12.9,2
1,16,83.0,7.2,0
0,16,88.7,14.0,3
1,6,73.5,10.6,3
1,16,82.7,10.0,0
1,4,67.3,6.1,0
1,21,75.8,14.9,2
0,14,75.3,9.5,0
0,3,56.2,8.4,2
1,5,68.3,4.7,0
0,6,60.4,7.2,1
0,5,59.5,8.6,1
0,18,91.0,9.7,3
1,8,76.1,9.9,3
1,18,80.8,8.5,0
1,12,65.4,11.6,1
1,3,55.0,9.1,2
1,21,77.2,10.4,2
0,19,78.0,10.1,2
0,13,69.6,6.8,2
0,15,87.0,13.9,3
1,2,50.6,3.7,1
1,3,60.2,6.3,0
1,9,63.7,12.5,2
1,10,65.6,5.0,2
1,0,55.7,3.3,3
1,24,96.7,10.3,3
0,5,59.1,10.2,1
0,23,96.4,11.4,3
1,11,66.1,10.3,2
0,7,63.0,5.5,2
1,11,81.2,13.4,3
0,10,68.4,6.6,2
1,8,61.1,6.6,1
0,23,94.7,10.8,0
0,9,65.5,10.4,2
0,6,60.3,11.8,1
0,18,74.2,8.1,2
1,5,57.1,7.5,1
0,20,75.2,13.9,1
1,18,77.1,13.9,0
0,24,89.0,10.1,0
0,23,78.1,16.3,2
0,0,43.7,5.1,1
0,24,78.3,13.1,1
0,23,77.2,8.0,1
1,23,75.6,14.5,1
1,7,59.7,5.4,1
0,18,74.1,8.7,1
1,16,85.7,6.9,0
0,13,78.5,14.1,0
1,5,57.3,7.3,1
0,7,76.3,12.4,3
1,17,71.8,10.0,2
0,22,94.5,8.3,0
1,16,71.0,9.4,2
0,8,77.5,9.7,3
0,12,68.9,11.0,2
1,3,54.1,7.7,2
1,20,76.8,12.3,2
1,12,67.1,12.1,2
1,20,89.5,13.8,0
1,3,55.0,8.8,2
1,20,75.2,9.9,2
0,12,70.3,12.2,2
1,11,81.0,11.8,3
0,6,60.3,7.9,1
0,24,82.9,12.5,0
0,24,93.5,13.7,0
0,10,67.9,7.8,2
1,2,63.3,3.6,3
1,7,61.0,9.7,2
1,2,50.0,6.2,1
1,2,50.9,4.8,1
1,21,89.7,12.3,0
0,0,49.7,2.9,0
1,0,44.1,5.0,2
0,15,87.7,12.8,3
0,8,63.8,10.4,1
1,7,69.9,5.1,0
1,7,66.6,6.7,0
1,15,68.5,8.6,1
1,16,72.0,13.8,2
0,16,71.9,7.0,1
0,0,43.7,1.9,1
1,24,86.7,9.5,0
0,5,72.4,6.7,3
1,9,66.5,7.3,0
0,9,65.1,12.8,1
0,13,84.5,12.3,3
1,8,75.9,6.8,3
0,6,74.2,6.1,3
1,14,69.7,7.3,2
1,21,77.0,15.0,2
1,24,78.1,7.4,2
1,20,83.3,8.3,0
0,3,58.2,5.0,0
0,17,73.2,15.0,1
1,20,74.8,9.8,2
0,0,47.1,1.4,0
1,22,89.2,13.2,0
1,5,56.9,4.3,1
0,0,50.0,3.7,0
0,0,43.3,1.6,1
1,20,92.3,14.2,3
0,4,59.4,10.3,2
0,8,78.2,7.3,3
1,9,69.3,11.3,0
0,11,67.0,6.5,1
0,24,86.3,10.4,0
0,21,75.7,9.7,1
1,0,42.7,3.7,1
1,17,89.0,12.2,3
0,22,95.7,8.0,3
0,12,68.6,7.8,2
1,4,59.4,4.1,0
1,15,68.5,12.4,1
0,11,82.5,11.2,3
1,10,79.7,10.1,3
0,21,94.3,10.2,3
0,21,78.8,7.5,2
1,5,57.2,7.3,1
0,15,86.9,7.7,3
0,8,77.3,7.3,3
1,12,65.7,8.5,1
0,14,72.3,7.2,2
1,15,68.4,9.8,1
0,17,84.3,13.6,0
0,2,51.9,6.2,1
1,18,89.8,15.5,3
0,7,69.9,9.9,0
0,4,64.5,5.9,0
0,4,70.3,8.7,3
0,4,68.9,5.0,0
1,11,64.4,11.8,1
1,19,75.5,13.6,2
0,12,83.9,11.5,3
1,24,75.7,11.9,1
1,17,70.7,6.5,1
1,1,49.3,5.4,2
1,2,63.6,3.1,3
0,10,74.0,8.6,0
0,24,79.5,16.2,2
0,24,89.1,15.0,0
0,1,50.7,4.6,2
1,1,55.2,6.7,0
1,1,48.5,2.9,2
0,24,78.2,11.9,1
0,16,88.8,9.4,3
1,5,56.9,9.3,1
0,16,77.8,14.7,0
0,17,80.1,8.7,0
1,20,76.3,11.1,2
1,4,54.8,4.5,1
0,17,87.6,14.7,0
0,23,77.2,9.0,1
1,13,75.3,6.9,0
0,9,64.4,8.3,1
1,6,64.7,6.7,0
1,3,66.7,7.5,3
1,24,81.8,9.4,2
1,19,91.2,13.1,3
1,13,69.5,6.7,2
0,22,82.0,11.0,0
1,12,78.5,13.4,0
0,21,76.3,11.3,1
1,6,59.1,10.4,2
0,6,65.9,11.4,0
0,9,79.4,11.3,3
0,5,72.3,10.7,3
1,22,74.6,9.5,1
1,13,66.5,8.9,1
1,23,91.2,16.4,0
0,2,51.9,7.9,1
1,6,66.9,7.3,0
1,19,90.9,12.0,3
0,11,81.9,12.8,3
0,0,45.8,5.6,2
0,24,77.4,8.3,1
0,23,77.9,14.1,1
0,0,45.2,4.3,2
1,14,67.7,13.1,1
1,17,70.5,6.7,1
0,4,70.5,4.7,3
0,22,89.8,10.8,0
0,15,80.8,13.8,0
1,24,96.6,8.3,3
0,14,74.1,6.5,0
1,2,50.1,5.7,1
1,5,71.3,8.5,3
0,20,88.0,14.6,0
1,13,66.6,10.9,1
0,17,73.2,10.1,1
1,2,51.9,6.3,2
0,18,73.5,10.3,1
0,1,56.3,3.6,0
0,21,94.2,8.2,3
1,19,90.7,11.4,3
0,11,82.2,8.0,3
0,10,66.0,12.4,1
0,19,77.6,9.0,2
1,24,77.0,13.5,2
1,9,71.8,11.1,0
1,7,65.7,10.6,0
0,20,83.0,11.2,0
0,11,81.7,11.3,3
1,24,78.6,12.0,2
0,0,56.0,5.6,3
0,17,89.8,13.9,3
1,16,86.4,12.7,0
0,2,51.8,3.5,1
0,7,63.7,11.2,2
1,21,75.8,10.0,2
1,17,72.9,6.9,2
1,3,63.4,3.6,0
1,6,68.5,9.3,0
1,8,61.1,8.2,1
0,4,56.9,8.5,1
0,22,77.8,9.6,2
1,10,79.5,7.2,3
0,9,68.5,5.5,0
1,14,71.0,13.9,0
1,11,66.8,9.1,2
1,24,77.9,16.3,2
1,13,82.5,12.2,0
0,14,70.3,12.7,1
1,10,79.0,5.6,3
0,24,80.3,14.3,2
1,19,73.9,10.6,2
0,22,79.6,7.6,2
1,17,89.1,7.4,3
1,0,44.5,5.0,2
0,9,78.9,8.8,3
1,16,83.4,7.2,0
1,16,87.9,14.6,3
1,0,53.3,1.3,0
1,16,87.9,13.6,3
0,13,82.8,9.0,0
1,1,55.9,5.7,0
0,16,73.4,13.0,2
0,19,81.0,9.2,0
0,1,61.6,6.2,3
1,14,84.6,12.0,3
0,16,74.1,7.4,2
0,17,89.5,13.4,3
1,2,50.6,3.8,1
0,15,71.3,12.7,1
1,21,78.6,8.0,2
0,21,94.3,13.9,3
1,9,75.3,6.7,0
0,20,87.1,7.3,0
0,23,96.9,10.1,3
0,6,60.5,11.2,1
0,12,83.3,7.3,3
1,5,57.3,9.4,1
0,20,79.6,14.9,0
0,2,57.7,5.7,0
0,17,89.9,10.3,3
0,24,77.7,9.7,1
0,14,69.9,13.1,1
0,15,86.9,9.4,3
0,20,93.6,9.8,3
1,2,51.4,2.9,2
1,12,82.3,12.5,3
1,15,83.3,7.2,0
1,19,90.8,13.4,3
1,11,80.8,7.2,3
0,21,76.6,11.9,2
0,16,88.8,11.5,3
0,4,70.9,9.4,3
1,8,62.4,7.5,2
0,24,97.0,10.6,3
0,8,74.8,10.2,0
1,23,95.2,12.7,3
1,11,71.0,7.0,0
1,13,83.7,5.5,3
1,7,75.2,7.4,3
1,4,69.2,10.2,3
0,22,86.6,14.5,0
0,1,51.0,7.0,0
0,24,81.2,10.6,2
0,21,88.9,7.2,0
1,3,53.0,5.2,1
1,19,72.0,7.6,1
0,15,86.9,10.4,3
0,16,72.8,13.3,2
1,7,74.7,12.1,3
1,20,74.3,12.0,2
0,11,71.7,10.7,0
1,24,92.9,14.9,0
1,18,83.7,6.9,0
1,23,75.4,15.9,1
1,14,84.7,7.9,3
0,5,67.2,6.6,0
0,23,81.2,15.2,2
1,16,87.2,12.8,3
1,23,95.5,12.8,3
1,11,74.0,12.0,0
0,22,95.5,11.2,3
1,17,84.6,8.5,0
1,9,62.7,12.1,1
1,11,65.9,7.5,2
1,18,71.5,7.1,1
0,10,66.2,5.6,1
1,24,82.4,14.0,2
1,12,68.8,5.8,2
0,14,72.7,9.4,2
1,2,52.4,3.3,2
1,2,64.0,5.9,3
1,17,70.4,8.2,1
0,6,62.6,7.4,2
0,17,72.3,14.5,1
1,12,66.1,11.6,1
1,24,84.1,9.7,0
1,24,96.6,7.1,3
1,7,62.2,10.8,2
0,12,83.1,8.7,3
1,5,58.9,5.0,2
0,19,92.4,9.0,3
1,11,64.8,8.5,1
0,15,74.6,14.1,0
0,1,53.7,5.6,0
0,5,60.9,10.7,2
1,6,72.9,5.1,3
0,23,79.1,13.5,2
0,21,78.5,13.5,2
0,1,48.7,5.7,1
0,16,72.1,13.0,1
1,10,63.2,12.1,1
0,14,77.0,9.5,0
0,15,82.9,6.8,0
1,8,76.7,10.8,3
1,11,67.2,8.0,2
0,0,52.9,5.0,0
1,19,90.9,9.2,3
0,23,91.5,14.9,0
1,14,70.7,11.0,2
0,15,71.1,7.8,1
0,1,48.8,3.4,1
1,12,65.3,7.4,1
0,4,61.9,7.1,0
0,8,74.8,10.4,0
1,5,60.0,10.1,0
1,24,76.1,16.9,1
1,12,76.3,7.1,0
0,4,57.3,4.5,1
0,13,84.9,12.0,3
0,5,72.5,4.8,3
0,22,95.6,13.0,3
0,3,68.0,4.9,3
0,15,87.0,10.3,3
1,0,51.1,2.4,0
1,23,78.3,7.7,2
1,6,58.4,5.2,1
0,8,77.9,5.8,3
1,4,69.2,4.2,3
1,2,51.0,4.5,2
1,8,76.0,8.6,3
0,3,60.6,5.6,0
0,19,76.4,8.8,2
1,5,71.1,5.8,3
1,17,89.0,8.0,3
1,7,75.1,7.0,3
0,23,96.8,8.4,3
1,7,60.7,6.4,2
0,17,89.4,13.6,3
0,21,94.2,12.7,3
1,3,52.6,5.3,1
0,11,81.7,7.8,3
0,17,74.5,12.5,2
0,13,69.5,9.8,1
1,21,93.1,10.7,3
0,22,76.4,15.1,1
0,11,67.0,9.4,1
1,20,81.3,9.5,0
0,7,63.7,10.5,2
0,2,54.4,7.8,0
1,16,87.9,9.3,3
0,15,74.0,13.0,2
1,22,77.9,15.2,2
1,13,66.6,10.4,1
0,16,88.8,11.4,3
0,1,60.9,4.5,3
1,1,53.0,2.8,0
0,16,88.8,12.5,3
1,3,54.7,8.5,2
1,22,74.7,13.0,1
0,7,63.0,7.7,2
0,3,55.1,5.4,1
0,21,94.7,14.2,3
1,16,70.4,12.3,2
1,5,56.8,7.0,1
1,18,71.6,8.8,1
0,22,80.8,15.0,2
1,5,57.8,6.9,2
1,12,68.4,8.6,2
1,17,70.8,6.1,1
0,11,67.5,10.0,1
1,1,47.6,4.1,1
0,19,86.5,14.2,0
0,12,83.3,13.3,3
1,10,79.1,9.8,3
0,13,69.0,13.0,1
1,17,70.4,12.9,1
1,23,78.3,14.7,2
0,24,82.3,15.9,2
0,13,85.1,13.3,3
1,14,85.0,6.4,3
0,16,88.4,15.0,3
1,15,70.0,12.3,2
0,10,80.3,7.3,3
1,5,71.5,4.7,3
1,23,78.9,16.1,2
0,21,94.6,11.5,3
0,21,79.5,8.1,2
1,7,74.3,5.1,3
0,18,75.4,8.5,2
0,19,92.3,13.1,3
0,2,60.6,7.7,0
1,16,83.2,7.2,0
1,7,61.9,5.6,2
1,2,53.0,5.2,0
0,24,81.1,9.6,2
0,8,71.9,11.2,0
1,4,57.2,7.4,2
1,13,71.5,12.5,0
1,18,74.8,7.1,2
0,7,76.6,7.8,3
0,6,74.5,4.9,3
0,18,90.9,14.5,3
1,17,88.8,10.6,3
0,11,69.1,12.6,2
1,23,90.9,16.7,0
0,19,76.1,8.2,2
1,14,75.6,13.2,0
1,23,80.0,16.0,2
0,22,80.1,14.1,2
1,12,66.7,5.4,2
1,6,58.5,11.4,1
0,6,62.0,10.5,2
1,1,60.4,5.2,3
0,20,86.1,8.7,0
0,14,70.1,7.3,1
1,5,70.8,10.5,3
1,7,59.9,7.2,1
0,5,72.4,4.7,3
1,8,76.4,6.3,3
1,8,64.7,9.2,0
0,1,60.6,5.5,0
0,19,92.4,14.2,3
1,5,58.1,6.8,2
1,3,66.6,7.1,3
1,0,45.2,5.4,2
1,19,75.0,14.3,2
0,17,73.4,14.8,2
1,5,58.1,5.1,2
1,18,72.1,12.7,2
1,5,69.6,7.1,0
0,18,91.3,10.8,3
0,6,63.1,10.9,2
1,16,70.9,11.7,2
1,15,68.4,12.2,1
0,3,56.1,7.4,2
0,2,62.6,8.8,0
1,18,79.1,11.7,0
0,6,74.8,5.7,3
1,12,81.8,9.9,3
0,11,78.4,10.1,0
1,13,79.6,7.6,0
0,0,49.9,2.0,0
1,8,76.0,7.8,3
0,16,81.2,13.3,0
1,17,70.2,15.1,1
1,3,66.5,4.2,3
0,1,48.5,4.3,1
0,22,77.0,9.3,1
0,7,62.4,8.3,1
1,8,63.2,6.3,2
0,13,69.4,13.5,1
0,1,50.1,3.5,2
0,6,61.0,5.8,1
1,13,79.0,13.2,0
1,19,88.1,8.8,0
1,13,67.2,9.6,1
0,24,82.1,13.7,2
1,13,82.9,14.3,0
1,20,92.5,7.0,3
1,0,44.1,4.5,2
0,3,67.8,5.6,3
1,21,93.0,8.8,3
1,9,75.2,9.9,0
1,9,78.0,9.4,3
0,17,84.0,15.0,0
0,22,88.5,15.1,0
1,8,67.7,11.5,0
0,17,73.2,14.3,1
0,4,56.6,10.0,1
0,0,55.0,5.0,0
1,2,63.5,2.8,3
1,5,60.0,8.1,0
0,12,83.4,8.8,3
0,18,86.2,12.5,0
1,1,59.7,4.5,3
1,24,75.5,15.0,1
0,21,80.0,11.7,2
1,9,64.1,11.3,2
1,5,59.0,9.2,2
1,8,61.1,9.7,1
0,14,72.7,12.1,2
0,13,68.9,13.8,1
0,22,78.5,12.1,2
1,10,63.2,7.5,1
1,7,59.5,10.3,1
0,22,95.5,12.7,3
1,16,87.5,6.5,3
0,2,65.2,5.9,3
1,11,64.7,11.3,1
0,2,59.3,3.6,0
0,22,94.7,14.3,0
0,21,77.1,10.5,2
1,21,77.3,13.3,2
0,18,73.7,13.8,1
1,21,75.9,8.7,2
1,3,53.0,5.5,1
0,18,91.3,7.5,3
1,24,96.2,13.0,3
1,21,82.3,6.8,0
1,6,61.1,7.9,2
1,18,71.2,12.1,1
1,15,80.9,6.8,0
1,24,96.7,12.2,3
1,7,74.7,11.1,3
1,4,56.4,4.3,2
1,4,66.7,5.8,0
1,18,76.5,9.4,0
1,16,76.9,11.8,0
1,4,68.8,7.7,3
1,11,65.3,8.2,2
0,1,48.1,5.8,1
1,18,71.7,13.6,1
1,16,69.8,11.0,1
0,23,94.9,9.4,0
0,24,77.9,12.1,1
1,15,86.0,8.4,3
1,22,76.3,11.6,2
1,15,68.9,14.8,1
0,5,73.1,7.5,3
1,16,81.5,7.7,0
0,10,70.3,8.7,0
0,15,71.5,13.5,1
1,10,65.8,10.6,2
0,11,67.3,10.6,1
1,7,60.2,9.4,1
1,16,80.3,8.1,0
0,9,78.8,8.9,3
1,0,55.0,1.9,3
0,22,78.6,12.9,2
1,17,88.9,10.5,3
0,10,65.9,11.4,1
0,7,76.3,10.3,3
1,14,68.3,8.9,2
0,8,77.8,11.5,3
0,16,87.3,11.2,0
1,10,66.4,12.4,2
0,24,96.7,9.9,3
1,14,68.4,14.2,2
1,2,52.7,2.7,2
1,13,71.3,13.8,0
1,16,87.9,9.9,3
1,19,74.8,12.5,2
1,0,43.5,3.2,1
1,20,76.9,15.3,2
0,10,67.3,13.2,2
0,20,89.4,11.9,0
1,12,66.0,8.0,1
1,4,56.9,4.5,2
0,22,95.4,10.4,3
1,7,61.2,7.6,2
1,17,71.0,10.2,1
0,15,83.7,10.4,0
1,4,55.3,7.3,1
0,17,72.7,13.3,1
0,11,73.9,9.8,0
1,3,53.1,7.2,1
1,13,83.8,8.8,3
1,4,60.8,6.9,0
0,3,54.3,3.5,1
1,12,82.5,10.0,3
0,18,73.3,14.9,1
0,18,73.7,9.0,1
0,8,63.7,8.8,1
1,10,79.9,5.2,3
1,7,59.5,6.8,1
1,22,79.9,8.8,2
0,21,92.9,7.2,0
0,15,71.6,13.2,2
1,5,71.1,4.6,3
1,20,85.9,9.7,0
1,10,63.7,5.2,1
1,18,87.5,8.8,0
0,20,75.3,10.4,1
1,22,74.6,15.0,1
1,4,61.7,7.9,0
0,15,71.2,8.8,1
0,6,73.9,8.9,0
0,4,58.9,5.2,2
0,4,63.6,6.3,0
1,9,64.5,6.2,2
1,8,72.4,11.7,0
1,12,79.4,6.7,0
1,14,67.8,8.8,1
1,0,55.3,5.4,3
0,12,68.5,12.8,1
1,13,70.9,8.0,0
